{
  "project_info": {
    "project_number": "817112342699",
    "project_id": "finalprojecr-857f9",
    "storage_bucket": "finalprojecr-857f9.appspot.com"
  },
  "client": [
    {
      "client_info": {
        "mobilesdk_app_id": "1:817112342699:android:5aa5c58a060dae61ce97ee",
        "android_client_info": {
          "package_name": "com.company.finalproject"
        }
      },
      "oauth_client": [
        {
          "client_id": "817112342699-j0rjo64of8u0pvttnl5dhb48hdfh771m.apps.googleusercontent.com",
          "client_type": 3
        }
      ],
      "api_key": [
        {
          "current_key": "AIzaSyDcIKwgR_AMAzDHTENLYOUH6mZmyoGC6Ag"
        }
      ],
      "services": {
        "appinvite_service": {
          "other_platform_oauth_client": [
            {
              "client_id": "817112342699-j0rjo64of8u0pvttnl5dhb48hdfh771m.apps.googleusercontent.com",
              "client_type": 3
            }
          ]
        }
      }
    }
  ],
  "configuration_version": "1"
}